global_step,seed,method,env_id,mean_episode_reward,std_episode_reward,mean_success_rate,std_success_rate,mean_episode_length,label,experiment,source_path
0,0,sac,FetchReachDense-v3,-6.3194208140632355,2.8032239936356627,0.05,0.2179449471770336,50.0,FetchReach SAC,phase1_fetch_reach,outputs/phase1_fetch_reach/rl/sac/seed_0/eval_metrics.csv
10000,0,sac,FetchReachDense-v3,-8.209831192988451,2.3387745894080405,0.0,0.0,50.0,FetchReach SAC,phase1_fetch_reach,outputs/phase1_fetch_reach/rl/sac/seed_0/eval_metrics.csv
20000,0,sac,FetchReachDense-v3,-4.428767163087501,1.0888616453439302,0.05,0.2179449471770336,50.0,FetchReach SAC,phase1_fetch_reach,outputs/phase1_fetch_reach/rl/sac/seed_0/eval_metrics.csv
30000,0,sac,FetchReachDense-v3,-1.4591259329339283,0.6548112081330371,0.95,0.2179449471770337,50.0,FetchReach SAC,phase1_fetch_reach,outputs/phase1_fetch_reach/rl/sac/seed_0/eval_metrics.csv
40000,0,sac,FetchReachDense-v3,-2.619219024765928,1.4583367319396938,0.5,0.5,50.0,FetchReach SAC,phase1_fetch_reach,outputs/phase1_fetch_reach/rl/sac/seed_0/eval_metrics.csv
50000,0,sac,FetchReachDense-v3,-2.4378692203510046,1.440063978586131,0.75,0.4330127018922193,50.0,FetchReach SAC,phase1_fetch_reach,outputs/phase1_fetch_reach/rl/sac/seed_0/eval_metrics.csv
60000,0,sac,FetchReachDense-v3,-2.065667269573119,0.882931718647893,0.75,0.4330127018922193,50.0,FetchReach SAC,phase1_fetch_reach,outputs/phase1_fetch_reach/rl/sac/seed_0/eval_metrics.csv
70000,0,sac,FetchReachDense-v3,-1.7140929007302066,0.7547779388618381,0.85,0.3570714214271425,50.0,FetchReach SAC,phase1_fetch_reach,outputs/phase1_fetch_reach/rl/sac/seed_0/eval_metrics.csv
80000,0,sac,FetchReachDense-v3,-2.6137549659265087,0.893467956798237,0.4,0.4898979485566357,50.0,FetchReach SAC,phase1_fetch_reach,outputs/phase1_fetch_reach/rl/sac/seed_0/eval_metrics.csv
90000,0,sac,FetchReachDense-v3,-1.1306525735725876,0.3971542077387444,1.0,0.0,50.0,FetchReach SAC,phase1_fetch_reach,outputs/phase1_fetch_reach/rl/sac/seed_0/eval_metrics.csv
100000,0,sac,FetchReachDense-v3,-1.052454947132015,0.3106597356523471,1.0,0.0,50.0,FetchReach SAC,phase1_fetch_reach,outputs/phase1_fetch_reach/rl/sac/seed_0/eval_metrics.csv
110000,0,sac,FetchReachDense-v3,-1.06195134270066,0.5832478042657058,0.95,0.2179449471770337,50.0,FetchReach SAC,phase1_fetch_reach,outputs/phase1_fetch_reach/rl/sac/seed_0/eval_metrics.csv
120000,0,sac,FetchReachDense-v3,-1.004736662705214,0.3180504423416076,1.0,0.0,50.0,FetchReach SAC,phase1_fetch_reach,outputs/phase1_fetch_reach/rl/sac/seed_0/eval_metrics.csv
130000,0,sac,FetchReachDense-v3,-0.9764560782688756,0.4315474446293522,1.0,0.0,50.0,FetchReach SAC,phase1_fetch_reach,outputs/phase1_fetch_reach/rl/sac/seed_0/eval_metrics.csv
140000,0,sac,FetchReachDense-v3,-0.9045930789422736,0.481452044833891,1.0,0.0,50.0,FetchReach SAC,phase1_fetch_reach,outputs/phase1_fetch_reach/rl/sac/seed_0/eval_metrics.csv
150000,0,sac,FetchReachDense-v3,-0.9441154079708844,0.4554748789763861,1.0,0.0,50.0,FetchReach SAC,phase1_fetch_reach,outputs/phase1_fetch_reach/rl/sac/seed_0/eval_metrics.csv
160000,0,sac,FetchReachDense-v3,-1.0248473239720934,0.4090117554660192,1.0,0.0,50.0,FetchReach SAC,phase1_fetch_reach,outputs/phase1_fetch_reach/rl/sac/seed_0/eval_metrics.csv
170000,0,sac,FetchReachDense-v3,-0.7259139015136237,0.2190711795627082,1.0,0.0,50.0,FetchReach SAC,phase1_fetch_reach,outputs/phase1_fetch_reach/rl/sac/seed_0/eval_metrics.csv
180000,0,sac,FetchReachDense-v3,-0.7160150373522504,0.2591746023902785,1.0,0.0,50.0,FetchReach SAC,phase1_fetch_reach,outputs/phase1_fetch_reach/rl/sac/seed_0/eval_metrics.csv
190000,0,sac,FetchReachDense-v3,-0.6616395543677658,0.1945079629731499,1.0,0.0,50.0,FetchReach SAC,phase1_fetch_reach,outputs/phase1_fetch_reach/rl/sac/seed_0/eval_metrics.csv
200000,0,sac,FetchReachDense-v3,-0.6535547422943566,0.2475703793839707,1.0,0.0,50.0,FetchReach SAC,phase1_fetch_reach,outputs/phase1_fetch_reach/rl/sac/seed_0/eval_metrics.csv
210000,0,sac,FetchReachDense-v3,-0.7058108146554524,0.3795883387829868,1.0,0.0,50.0,FetchReach SAC,phase1_fetch_reach,outputs/phase1_fetch_reach/rl/sac/seed_0/eval_metrics.csv
220000,0,sac,FetchReachDense-v3,-0.7293898042749667,0.3817887966898644,1.0,0.0,50.0,FetchReach SAC,phase1_fetch_reach,outputs/phase1_fetch_reach/rl/sac/seed_0/eval_metrics.csv
230000,0,sac,FetchReachDense-v3,-0.7385138540544566,0.4272857035291625,1.0,0.0,50.0,FetchReach SAC,phase1_fetch_reach,outputs/phase1_fetch_reach/rl/sac/seed_0/eval_metrics.csv
240000,0,sac,FetchReachDense-v3,-0.661384997734464,0.2022027308058263,1.0,0.0,50.0,FetchReach SAC,phase1_fetch_reach,outputs/phase1_fetch_reach/rl/sac/seed_0/eval_metrics.csv
250000,0,sac,FetchReachDense-v3,-0.8798309789453146,0.2888370004195405,1.0,0.0,50.0,FetchReach SAC,phase1_fetch_reach,outputs/phase1_fetch_reach/rl/sac/seed_0/eval_metrics.csv
0,0,sac,FetchPushDense-v3,-9.265410915011056,3.8402963542741593,0.0,0.0,50.0,FetchPushDense SAC,phase2_fetch_push_dense,outputs/phase2_fetch_push_dense/rl/sac/seed_0/eval_metrics.csv
10000,0,sac,FetchPushDense-v3,-8.950848578167081,3.974219213385744,0.05,0.2179449471770336,50.0,FetchPushDense SAC,phase2_fetch_push_dense,outputs/phase2_fetch_push_dense/rl/sac/seed_0/eval_metrics.csv
20000,0,sac,FetchPushDense-v3,-7.90014149945065,3.97591710927138,0.1,0.3,50.0,FetchPushDense SAC,phase2_fetch_push_dense,outputs/phase2_fetch_push_dense/rl/sac/seed_0/eval_metrics.csv
30000,0,sac,FetchPushDense-v3,-8.619690752404104,3.9888320378896376,0.05,0.2179449471770336,50.0,FetchPushDense SAC,phase2_fetch_push_dense,outputs/phase2_fetch_push_dense/rl/sac/seed_0/eval_metrics.csv
40000,0,sac,FetchPushDense-v3,-10.643784415308618,3.7164938187839,0.05,0.2179449471770336,50.0,FetchPushDense SAC,phase2_fetch_push_dense,outputs/phase2_fetch_push_dense/rl/sac/seed_0/eval_metrics.csv
50000,0,sac,FetchPushDense-v3,-8.26751348908466,3.5498652349210147,0.0,0.0,50.0,FetchPushDense SAC,phase2_fetch_push_dense,outputs/phase2_fetch_push_dense/rl/sac/seed_0/eval_metrics.csv
60000,0,sac,FetchPushDense-v3,-8.478234681425759,3.238235487596722,0.0,0.0,50.0,FetchPushDense SAC,phase2_fetch_push_dense,outputs/phase2_fetch_push_dense/rl/sac/seed_0/eval_metrics.csv
70000,0,sac,FetchPushDense-v3,-10.411421655417335,3.521223026456085,0.0,0.0,50.0,FetchPushDense SAC,phase2_fetch_push_dense,outputs/phase2_fetch_push_dense/rl/sac/seed_0/eval_metrics.csv
80000,0,sac,FetchPushDense-v3,-9.690065762387338,3.6845742831522057,0.05,0.2179449471770336,50.0,FetchPushDense SAC,phase2_fetch_push_dense,outputs/phase2_fetch_push_dense/rl/sac/seed_0/eval_metrics.csv
90000,0,sac,FetchPushDense-v3,-7.815927977575237,3.5616132830576563,0.1,0.3,50.0,FetchPushDense SAC,phase2_fetch_push_dense,outputs/phase2_fetch_push_dense/rl/sac/seed_0/eval_metrics.csv
100000,0,sac,FetchPushDense-v3,-8.266357247409026,4.29578274650258,0.15,0.3570714214271425,50.0,FetchPushDense SAC,phase2_fetch_push_dense,outputs/phase2_fetch_push_dense/rl/sac/seed_0/eval_metrics.csv
110000,0,sac,FetchPushDense-v3,-9.280127431485782,3.477532135573518,0.05,0.2179449471770336,50.0,FetchPushDense SAC,phase2_fetch_push_dense,outputs/phase2_fetch_push_dense/rl/sac/seed_0/eval_metrics.csv
120000,0,sac,FetchPushDense-v3,-8.414870994614722,4.393159453028559,0.15,0.3570714214271425,50.0,FetchPushDense SAC,phase2_fetch_push_dense,outputs/phase2_fetch_push_dense/rl/sac/seed_0/eval_metrics.csv
130000,0,sac,FetchPushDense-v3,-8.365261892052128,4.089698077732372,0.05,0.2179449471770336,50.0,FetchPushDense SAC,phase2_fetch_push_dense,outputs/phase2_fetch_push_dense/rl/sac/seed_0/eval_metrics.csv
140000,0,sac,FetchPushDense-v3,-7.5532449390365,3.697627429690541,0.15,0.3570714214271425,50.0,FetchPushDense SAC,phase2_fetch_push_dense,outputs/phase2_fetch_push_dense/rl/sac/seed_0/eval_metrics.csv
150000,0,sac,FetchPushDense-v3,-7.239222674880809,3.945666617099272,0.1,0.3,50.0,FetchPushDense SAC,phase2_fetch_push_dense,outputs/phase2_fetch_push_dense/rl/sac/seed_0/eval_metrics.csv
160000,0,sac,FetchPushDense-v3,-8.62729723081583,3.6969769602909386,0.0,0.0,50.0,FetchPushDense SAC,phase2_fetch_push_dense,outputs/phase2_fetch_push_dense/rl/sac/seed_0/eval_metrics.csv
170000,0,sac,FetchPushDense-v3,-8.219208564693815,3.9342969352958206,0.05,0.2179449471770336,50.0,FetchPushDense SAC,phase2_fetch_push_dense,outputs/phase2_fetch_push_dense/rl/sac/seed_0/eval_metrics.csv
180000,0,sac,FetchPushDense-v3,-9.324231845173085,3.464157022540074,0.0,0.0,50.0,FetchPushDense SAC,phase2_fetch_push_dense,outputs/phase2_fetch_push_dense/rl/sac/seed_0/eval_metrics.csv
190000,0,sac,FetchPushDense-v3,-9.42529186234921,4.283552904445219,0.05,0.2179449471770336,50.0,FetchPushDense SAC,phase2_fetch_push_dense,outputs/phase2_fetch_push_dense/rl/sac/seed_0/eval_metrics.csv
200000,0,sac,FetchPushDense-v3,-9.414367846037647,4.287248604826768,0.05,0.2179449471770336,50.0,FetchPushDense SAC,phase2_fetch_push_dense,outputs/phase2_fetch_push_dense/rl/sac/seed_0/eval_metrics.csv
210000,0,sac,FetchPushDense-v3,-8.438303757954525,4.3737964635285556,0.15,0.3570714214271425,50.0,FetchPushDense SAC,phase2_fetch_push_dense,outputs/phase2_fetch_push_dense/rl/sac/seed_0/eval_metrics.csv
220000,0,sac,FetchPushDense-v3,-10.538665580736756,3.750750259315528,0.0,0.0,50.0,FetchPushDense SAC,phase2_fetch_push_dense,outputs/phase2_fetch_push_dense/rl/sac/seed_0/eval_metrics.csv
230000,0,sac,FetchPushDense-v3,-10.347378936403954,4.071994718346734,0.0,0.0,50.0,FetchPushDense SAC,phase2_fetch_push_dense,outputs/phase2_fetch_push_dense/rl/sac/seed_0/eval_metrics.csv
240000,0,sac,FetchPushDense-v3,-8.552319375574589,3.3531094954166853,0.0,0.0,50.0,FetchPushDense SAC,phase2_fetch_push_dense,outputs/phase2_fetch_push_dense/rl/sac/seed_0/eval_metrics.csv
250000,0,sac,FetchPushDense-v3,-6.911792250368296,4.667371920258351,0.15,0.3570714214271425,50.0,FetchPushDense SAC,phase2_fetch_push_dense,outputs/phase2_fetch_push_dense/rl/sac/seed_0/eval_metrics.csv
260000,0,sac,FetchPushDense-v3,-8.074254484442033,3.717430099141396,0.05,0.2179449471770336,50.0,FetchPushDense SAC,phase2_fetch_push_dense,outputs/phase2_fetch_push_dense/rl/sac/seed_0/eval_metrics.csv
270000,0,sac,FetchPushDense-v3,-8.328434708310889,4.097373161332801,0.1,0.3,50.0,FetchPushDense SAC,phase2_fetch_push_dense,outputs/phase2_fetch_push_dense/rl/sac/seed_0/eval_metrics.csv
280000,0,sac,FetchPushDense-v3,-8.303974992524072,3.4424687904148907,0.05,0.2179449471770336,50.0,FetchPushDense SAC,phase2_fetch_push_dense,outputs/phase2_fetch_push_dense/rl/sac/seed_0/eval_metrics.csv
290000,0,sac,FetchPushDense-v3,-8.245615299041377,3.4268071722412876,0.0,0.0,50.0,FetchPushDense SAC,phase2_fetch_push_dense,outputs/phase2_fetch_push_dense/rl/sac/seed_0/eval_metrics.csv
300000,0,sac,FetchPushDense-v3,-9.458281475481812,4.329466572850943,0.05,0.2179449471770336,50.0,FetchPushDense SAC,phase2_fetch_push_dense,outputs/phase2_fetch_push_dense/rl/sac/seed_0/eval_metrics.csv
310000,0,sac,FetchPushDense-v3,-9.2386167799651,3.5963864040077764,0.0,0.0,50.0,FetchPushDense SAC,phase2_fetch_push_dense,outputs/phase2_fetch_push_dense/rl/sac/seed_0/eval_metrics.csv
320000,0,sac,FetchPushDense-v3,-8.203490607780903,3.93377534471786,0.1,0.3,50.0,FetchPushDense SAC,phase2_fetch_push_dense,outputs/phase2_fetch_push_dense/rl/sac/seed_0/eval_metrics.csv
330000,0,sac,FetchPushDense-v3,-8.68735713444747,3.8945697293632215,0.1,0.3,50.0,FetchPushDense SAC,phase2_fetch_push_dense,outputs/phase2_fetch_push_dense/rl/sac/seed_0/eval_metrics.csv
340000,0,sac,FetchPushDense-v3,-7.8827702193969245,2.468012532279233,0.0,0.0,50.0,FetchPushDense SAC,phase2_fetch_push_dense,outputs/phase2_fetch_push_dense/rl/sac/seed_0/eval_metrics.csv
350000,0,sac,FetchPushDense-v3,-9.094378492265074,3.5642838743083964,0.1,0.3,50.0,FetchPushDense SAC,phase2_fetch_push_dense,outputs/phase2_fetch_push_dense/rl/sac/seed_0/eval_metrics.csv
360000,0,sac,FetchPushDense-v3,-9.180685273842542,5.287036917323749,0.2,0.4000000000000001,50.0,FetchPushDense SAC,phase2_fetch_push_dense,outputs/phase2_fetch_push_dense/rl/sac/seed_0/eval_metrics.csv
370000,0,sac,FetchPushDense-v3,-8.667861279116739,4.281724634280279,0.1,0.3,50.0,FetchPushDense SAC,phase2_fetch_push_dense,outputs/phase2_fetch_push_dense/rl/sac/seed_0/eval_metrics.csv
380000,0,sac,FetchPushDense-v3,-8.11900768881671,2.4992343317047636,0.0,0.0,50.0,FetchPushDense SAC,phase2_fetch_push_dense,outputs/phase2_fetch_push_dense/rl/sac/seed_0/eval_metrics.csv
390000,0,sac,FetchPushDense-v3,-8.787759861436085,3.1694003825112875,0.0,0.0,50.0,FetchPushDense SAC,phase2_fetch_push_dense,outputs/phase2_fetch_push_dense/rl/sac/seed_0/eval_metrics.csv
400000,0,sac,FetchPushDense-v3,-8.645479448790363,3.574074734848094,0.0,0.0,50.0,FetchPushDense SAC,phase2_fetch_push_dense,outputs/phase2_fetch_push_dense/rl/sac/seed_0/eval_metrics.csv
410000,0,sac,FetchPushDense-v3,-8.281137157975161,4.638315224193615,0.15,0.3570714214271425,50.0,FetchPushDense SAC,phase2_fetch_push_dense,outputs/phase2_fetch_push_dense/rl/sac/seed_0/eval_metrics.csv
420000,0,sac,FetchPushDense-v3,-9.013712834454974,3.936867541032589,0.05,0.2179449471770336,50.0,FetchPushDense SAC,phase2_fetch_push_dense,outputs/phase2_fetch_push_dense/rl/sac/seed_0/eval_metrics.csv
430000,0,sac,FetchPushDense-v3,-9.479400010178294,4.004012517599322,0.0,0.0,50.0,FetchPushDense SAC,phase2_fetch_push_dense,outputs/phase2_fetch_push_dense/rl/sac/seed_0/eval_metrics.csv
440000,0,sac,FetchPushDense-v3,-8.712713159537305,3.0266154638015745,0.0,0.0,50.0,FetchPushDense SAC,phase2_fetch_push_dense,outputs/phase2_fetch_push_dense/rl/sac/seed_0/eval_metrics.csv
450000,0,sac,FetchPushDense-v3,-8.3446221372591,3.483556074066901,0.05,0.2179449471770336,50.0,FetchPushDense SAC,phase2_fetch_push_dense,outputs/phase2_fetch_push_dense/rl/sac/seed_0/eval_metrics.csv
460000,0,sac,FetchPushDense-v3,-7.7103860963928526,4.317816760351202,0.15,0.3570714214271425,50.0,FetchPushDense SAC,phase2_fetch_push_dense,outputs/phase2_fetch_push_dense/rl/sac/seed_0/eval_metrics.csv
470000,0,sac,FetchPushDense-v3,-8.35443345782563,3.7722291252498863,0.05,0.2179449471770336,50.0,FetchPushDense SAC,phase2_fetch_push_dense,outputs/phase2_fetch_push_dense/rl/sac/seed_0/eval_metrics.csv
480000,0,sac,FetchPushDense-v3,-8.561723769578842,4.57573529902521,0.15,0.3570714214271425,50.0,FetchPushDense SAC,phase2_fetch_push_dense,outputs/phase2_fetch_push_dense/rl/sac/seed_0/eval_metrics.csv
490000,0,sac,FetchPushDense-v3,-8.19842278659378,3.8013930761193184,0.15,0.3570714214271425,50.0,FetchPushDense SAC,phase2_fetch_push_dense,outputs/phase2_fetch_push_dense/rl/sac/seed_0/eval_metrics.csv
500000,0,sac,FetchPushDense-v3,-7.822685141247322,2.8602774974167926,0.05,0.2179449471770336,50.0,FetchPushDense SAC,phase2_fetch_push_dense,outputs/phase2_fetch_push_dense/rl/sac/seed_0/eval_metrics.csv
0,0,sac_her,FetchPush-v3,-48.2,7.846018098373213,0.0,0.0,50.0,FetchPushSparse SAC+HER,phase3_fetch_push_sparse,outputs/phase3_fetch_push_sparse/rl/sac_her/seed_0/eval_metrics.csv
10000,0,sac_her,FetchPush-v3,-47.5,10.897247358851684,0.05,0.2179449471770336,50.0,FetchPushSparse SAC+HER,phase3_fetch_push_sparse,outputs/phase3_fetch_push_sparse/rl/sac_her/seed_0/eval_metrics.csv
20000,0,sac_her,FetchPush-v3,-45.0,15.0,0.1,0.3,50.0,FetchPushSparse SAC+HER,phase3_fetch_push_sparse,outputs/phase3_fetch_push_sparse/rl/sac_her/seed_0/eval_metrics.csv
30000,0,sac_her,FetchPush-v3,-47.5,10.897247358851684,0.05,0.2179449471770336,50.0,FetchPushSparse SAC+HER,phase3_fetch_push_sparse,outputs/phase3_fetch_push_sparse/rl/sac_her/seed_0/eval_metrics.csv
40000,0,sac_her,FetchPush-v3,-47.5,10.897247358851684,0.05,0.2179449471770336,50.0,FetchPushSparse SAC+HER,phase3_fetch_push_sparse,outputs/phase3_fetch_push_sparse/rl/sac_her/seed_0/eval_metrics.csv
50000,0,sac_her,FetchPush-v3,-50.0,0.0,0.0,0.0,50.0,FetchPushSparse SAC+HER,phase3_fetch_push_sparse,outputs/phase3_fetch_push_sparse/rl/sac_her/seed_0/eval_metrics.csv
60000,0,sac_her,FetchPush-v3,-50.0,0.0,0.0,0.0,50.0,FetchPushSparse SAC+HER,phase3_fetch_push_sparse,outputs/phase3_fetch_push_sparse/rl/sac_her/seed_0/eval_metrics.csv
70000,0,sac_her,FetchPush-v3,-50.0,0.0,0.0,0.0,50.0,FetchPushSparse SAC+HER,phase3_fetch_push_sparse,outputs/phase3_fetch_push_sparse/rl/sac_her/seed_0/eval_metrics.csv
80000,0,sac_her,FetchPush-v3,-47.5,10.897247358851684,0.05,0.2179449471770336,50.0,FetchPushSparse SAC+HER,phase3_fetch_push_sparse,outputs/phase3_fetch_push_sparse/rl/sac_her/seed_0/eval_metrics.csv
90000,0,sac_her,FetchPush-v3,-45.0,15.0,0.1,0.3,50.0,FetchPushSparse SAC+HER,phase3_fetch_push_sparse,outputs/phase3_fetch_push_sparse/rl/sac_her/seed_0/eval_metrics.csv
100000,0,sac_her,FetchPush-v3,-44.75,14.956186011146023,0.1,0.3,50.0,FetchPushSparse SAC+HER,phase3_fetch_push_sparse,outputs/phase3_fetch_push_sparse/rl/sac_her/seed_0/eval_metrics.csv
110000,0,sac_her,FetchPush-v3,-47.5,10.897247358851684,0.05,0.2179449471770336,50.0,FetchPushSparse SAC+HER,phase3_fetch_push_sparse,outputs/phase3_fetch_push_sparse/rl/sac_her/seed_0/eval_metrics.csv
120000,0,sac_her,FetchPush-v3,-44.55,14.978234208343784,0.1,0.3,50.0,FetchPushSparse SAC+HER,phase3_fetch_push_sparse,outputs/phase3_fetch_push_sparse/rl/sac_her/seed_0/eval_metrics.csv
130000,0,sac_her,FetchPush-v3,-47.5,10.897247358851684,0.05,0.2179449471770336,50.0,FetchPushSparse SAC+HER,phase3_fetch_push_sparse,outputs/phase3_fetch_push_sparse/rl/sac_her/seed_0/eval_metrics.csv
140000,0,sac_her,FetchPush-v3,-43.05,16.6657583085799,0.1,0.3,50.0,FetchPushSparse SAC+HER,phase3_fetch_push_sparse,outputs/phase3_fetch_push_sparse/rl/sac_her/seed_0/eval_metrics.csv
150000,0,sac_her,FetchPush-v3,-45.0,15.0,0.1,0.3,50.0,FetchPushSparse SAC+HER,phase3_fetch_push_sparse,outputs/phase3_fetch_push_sparse/rl/sac_her/seed_0/eval_metrics.csv
160000,0,sac_her,FetchPush-v3,-50.0,0.0,0.0,0.0,50.0,FetchPushSparse SAC+HER,phase3_fetch_push_sparse,outputs/phase3_fetch_push_sparse/rl/sac_her/seed_0/eval_metrics.csv
170000,0,sac_her,FetchPush-v3,-45.1,14.70340096712322,0.1,0.3,50.0,FetchPushSparse SAC+HER,phase3_fetch_push_sparse,outputs/phase3_fetch_push_sparse/rl/sac_her/seed_0/eval_metrics.csv
180000,0,sac_her,FetchPush-v3,-50.0,0.0,0.0,0.0,50.0,FetchPushSparse SAC+HER,phase3_fetch_push_sparse,outputs/phase3_fetch_push_sparse/rl/sac_her/seed_0/eval_metrics.csv
190000,0,sac_her,FetchPush-v3,-45.65,13.210885662967492,0.1,0.3,50.0,FetchPushSparse SAC+HER,phase3_fetch_push_sparse,outputs/phase3_fetch_push_sparse/rl/sac_her/seed_0/eval_metrics.csv
200000,0,sac_her,FetchPush-v3,-49.9,0.4358898943540673,0.0,0.0,50.0,FetchPushSparse SAC+HER,phase3_fetch_push_sparse,outputs/phase3_fetch_push_sparse/rl/sac_her/seed_0/eval_metrics.csv
210000,0,sac_her,FetchPush-v3,-44.6,14.967965793654129,0.1,0.3,50.0,FetchPushSparse SAC+HER,phase3_fetch_push_sparse,outputs/phase3_fetch_push_sparse/rl/sac_her/seed_0/eval_metrics.csv
220000,0,sac_her,FetchPush-v3,-50.0,0.0,0.0,0.0,50.0,FetchPushSparse SAC+HER,phase3_fetch_push_sparse,outputs/phase3_fetch_push_sparse/rl/sac_her/seed_0/eval_metrics.csv
230000,0,sac_her,FetchPush-v3,-50.0,0.0,0.0,0.0,50.0,FetchPushSparse SAC+HER,phase3_fetch_push_sparse,outputs/phase3_fetch_push_sparse/rl/sac_her/seed_0/eval_metrics.csv
240000,0,sac_her,FetchPush-v3,-48.05,8.052794545994576,0.05,0.2179449471770336,50.0,FetchPushSparse SAC+HER,phase3_fetch_push_sparse,outputs/phase3_fetch_push_sparse/rl/sac_her/seed_0/eval_metrics.csv
250000,0,sac_her,FetchPush-v3,-48.6,4.328972164382672,0.0,0.0,50.0,FetchPushSparse SAC+HER,phase3_fetch_push_sparse,outputs/phase3_fetch_push_sparse/rl/sac_her/seed_0/eval_metrics.csv
260000,0,sac_her,FetchPush-v3,-47.35,10.882439983753644,0.05,0.2179449471770336,50.0,FetchPushSparse SAC+HER,phase3_fetch_push_sparse,outputs/phase3_fetch_push_sparse/rl/sac_her/seed_0/eval_metrics.csv
270000,0,sac_her,FetchPush-v3,-45.25,13.670680304944591,0.1,0.3,50.0,FetchPushSparse SAC+HER,phase3_fetch_push_sparse,outputs/phase3_fetch_push_sparse/rl/sac_her/seed_0/eval_metrics.csv
280000,0,sac_her,FetchPush-v3,-49.05,2.4591665254715873,0.0,0.0,50.0,FetchPushSparse SAC+HER,phase3_fetch_push_sparse,outputs/phase3_fetch_push_sparse/rl/sac_her/seed_0/eval_metrics.csv
290000,0,sac_her,FetchPush-v3,-43.55,13.354680827335413,0.15,0.3570714214271425,50.0,FetchPushSparse SAC+HER,phase3_fetch_push_sparse,outputs/phase3_fetch_push_sparse/rl/sac_her/seed_0/eval_metrics.csv
300000,0,sac_her,FetchPush-v3,-45.3,12.538341198101127,0.1,0.3,50.0,FetchPushSparse SAC+HER,phase3_fetch_push_sparse,outputs/phase3_fetch_push_sparse/rl/sac_her/seed_0/eval_metrics.csv
310000,0,sac_her,FetchPush-v3,-47.75,9.807522622966516,0.05,0.2179449471770336,50.0,FetchPushSparse SAC+HER,phase3_fetch_push_sparse,outputs/phase3_fetch_push_sparse/rl/sac_her/seed_0/eval_metrics.csv
320000,0,sac_her,FetchPush-v3,-40.95,17.639373571643638,0.2,0.4,50.0,FetchPushSparse SAC+HER,phase3_fetch_push_sparse,outputs/phase3_fetch_push_sparse/rl/sac_her/seed_0/eval_metrics.csv
330000,0,sac_her,FetchPush-v3,-43.4,16.051168181786647,0.15,0.3570714214271425,50.0,FetchPushSparse SAC+HER,phase3_fetch_push_sparse,outputs/phase3_fetch_push_sparse/rl/sac_her/seed_0/eval_metrics.csv
340000,0,sac_her,FetchPush-v3,-34.9,18.06349910731584,0.4,0.4898979485566356,50.0,FetchPushSparse SAC+HER,phase3_fetch_push_sparse,outputs/phase3_fetch_push_sparse/rl/sac_her/seed_0/eval_metrics.csv
350000,0,sac_her,FetchPush-v3,-36.75,16.342811875561683,0.35,0.4769696007084728,50.0,FetchPushSparse SAC+HER,phase3_fetch_push_sparse,outputs/phase3_fetch_push_sparse/rl/sac_her/seed_0/eval_metrics.csv
360000,0,sac_her,FetchPush-v3,-35.5,21.609025891973936,0.3,0.4582575694955839,50.0,FetchPushSparse SAC+HER,phase3_fetch_push_sparse,outputs/phase3_fetch_push_sparse/rl/sac_her/seed_0/eval_metrics.csv
370000,0,sac_her,FetchPush-v3,-40.3,16.189811611010178,0.2,0.4,50.0,FetchPushSparse SAC+HER,phase3_fetch_push_sparse,outputs/phase3_fetch_push_sparse/rl/sac_her/seed_0/eval_metrics.csv
380000,0,sac_her,FetchPush-v3,-42.65,14.371064678721616,0.15,0.3570714214271425,50.0,FetchPushSparse SAC+HER,phase3_fetch_push_sparse,outputs/phase3_fetch_push_sparse/rl/sac_her/seed_0/eval_metrics.csv
390000,0,sac_her,FetchPush-v3,-35.55,16.35687928670992,0.4,0.4898979485566356,50.0,FetchPushSparse SAC+HER,phase3_fetch_push_sparse,outputs/phase3_fetch_push_sparse/rl/sac_her/seed_0/eval_metrics.csv
400000,0,sac_her,FetchPush-v3,-29.6,17.9705314334329,0.55,0.49749371855331,50.0,FetchPushSparse SAC+HER,phase3_fetch_push_sparse,outputs/phase3_fetch_push_sparse/rl/sac_her/seed_0/eval_metrics.csv
410000,0,sac_her,FetchPush-v3,-27.55,19.60478257976864,0.55,0.49749371855331,50.0,FetchPushSparse SAC+HER,phase3_fetch_push_sparse,outputs/phase3_fetch_push_sparse/rl/sac_her/seed_0/eval_metrics.csv
420000,0,sac_her,FetchPush-v3,-33.55,16.12598834180405,0.5,0.5,50.0,FetchPushSparse SAC+HER,phase3_fetch_push_sparse,outputs/phase3_fetch_push_sparse/rl/sac_her/seed_0/eval_metrics.csv
430000,0,sac_her,FetchPush-v3,-27.6,16.936351437071682,0.65,0.4769696007084729,50.0,FetchPushSparse SAC+HER,phase3_fetch_push_sparse,outputs/phase3_fetch_push_sparse/rl/sac_her/seed_0/eval_metrics.csv
440000,0,sac_her,FetchPush-v3,-25.65,17.427779548754913,0.65,0.4769696007084728,50.0,FetchPushSparse SAC+HER,phase3_fetch_push_sparse,outputs/phase3_fetch_push_sparse/rl/sac_her/seed_0/eval_metrics.csv
450000,0,sac_her,FetchPush-v3,-19.5,12.519984025548917,0.9,0.3,50.0,FetchPushSparse SAC+HER,phase3_fetch_push_sparse,outputs/phase3_fetch_push_sparse/rl/sac_her/seed_0/eval_metrics.csv
460000,0,sac_her,FetchPush-v3,-18.65,15.424898703070957,0.8,0.4,50.0,FetchPushSparse SAC+HER,phase3_fetch_push_sparse,outputs/phase3_fetch_push_sparse/rl/sac_her/seed_0/eval_metrics.csv
470000,0,sac_her,FetchPush-v3,-17.95,15.415819796559637,0.8,0.4,50.0,FetchPushSparse SAC+HER,phase3_fetch_push_sparse,outputs/phase3_fetch_push_sparse/rl/sac_her/seed_0/eval_metrics.csv
480000,0,sac_her,FetchPush-v3,-21.15,16.835305165039333,0.8,0.4,50.0,FetchPushSparse SAC+HER,phase3_fetch_push_sparse,outputs/phase3_fetch_push_sparse/rl/sac_her/seed_0/eval_metrics.csv
490000,0,sac_her,FetchPush-v3,-18.65,14.357141080312612,0.8,0.4,50.0,FetchPushSparse SAC+HER,phase3_fetch_push_sparse,outputs/phase3_fetch_push_sparse/rl/sac_her/seed_0/eval_metrics.csv
500000,0,sac_her,FetchPush-v3,-15.65,10.8548376312131,0.9,0.3,50.0,FetchPushSparse SAC+HER,phase3_fetch_push_sparse,outputs/phase3_fetch_push_sparse/rl/sac_her/seed_0/eval_metrics.csv
0,0,jepa_mpc,FetchReachDense-v3,-3.6559067287673295,0.8168243264595942,0.35,0.4769696007084728,50.0,FetchReach JEPA-MPC,jepa_mpc,outputs/jepa_mpc/mpc/jepa_mpc/seed_0/eval_metrics.csv
